<?xml version="1.0" encoding="UTF-8" standalone="yes"?>
<addon id="plugin.video.InovaTV.Repo" name="[COLOR deepskyblue][B]InovaTV Repo[/COLOR][/B]" version="1.0" provider-name="Rober DJ">
  <requires>
    <import addon="xbmc.python" version="2.1.0"/>
	<import addon="script.module.beautifulsoup" version="3.2.1"/>
    <import addon="script.module.simple.downloader" version="0.9.4"/>
	<import addon="script.module.t0mm0.common" version="2.0.0"/>
	<import addon="script.module.beautifulsoup4" />
    <import addon="script.module.requests" />
    <import addon="script.module.httplib2" />
	<import addon="script.module.simple.downloader" version="0.9.4"/>
    <import addon="script.module.youtube.dl" optional="true"/>
    <import addon="plugin.video.youtube" version="5.2.1" />
    <import addon="script.module.urlresolver" />
    <import addon="script.module.simplejson" />    
    <import addon="script.module.livestreamer" optional="true"/>
    <import addon="script.module.pyamf" optional="true"/>
	<import addon="script.common.plugin.cache" version="2.5.2"/>
    <import addon="script.module.metahandler" version="2.5.1"/>
  </requires>
  <extension point="xbmc.python.pluginsource" library="addon.py">
        <provides>video</provides>
  </extension>
  <extension point="xbmc.addon.metadata">
		<summary lang="en">InovaTV</summary>
		<description lang="en">InovaTV, Pulsar e Quasar Addon Install</description>
		<disclaimer lang="en">Repositório que permite instalar Addon InovaTV, Outros Addons e Plugins Pulsar / Quasar</disclaimer>
		<forum>none</forum>
		<source></source>
		<website></website>
		<platform>all</platform>
	</extension>
</addon>
